Project ID;Acronym;Zenodo community;Start;End;Field;Cost;Scheme
101046203;BY-COVID;bycovid;2021-10-01;2024-09-30;data science data protection pandemics coronaviruses humanities;12000000;HORIZON-AG
101045989;VERDI;verdi-project-2021;2021-11-01;2025-10-31;epidemiology coronaviruses vaccines obstetrics paediatrics;9999998;HORIZON-AG
101052416;SGA1-HE;ethmigsurveydata;2021-11-01;2024-10-31;;153000000;HORIZON-SGA-AG
101046133;ISIDORe;elixir-converge;2022-02-01;2025-01-31;infectious diseases pandemics structural biology;20998624;RIA
101046909;REMAP;inl-repository;2022-03-01;2026-02-28;lab on a chip microelectronics photovoltaic;3925043;HORIZON-AG
101046489;DYNAMO;dynamoproject;2022-03-01;2026-02-28;acoustics optics;2552277;EIC
101046217;VerSiLiB;versilib;2022-04-01;2026-03-31;quantitative analysis nucleic acids proteins oncology nano-materials;2994244;HORIZON-AG
101046475;QUSTom;qustom;2022-04-01;2024-03-31;software breast cancer diagnostic imaging ultrasound;2744300;HORIZON-AG
101058369;NewWave;newwave_project2022;2022-04-01;2026-03-31;wastewater treatment processes aldehydes sustainable economy biomass forestry;5057580;RIA
101058391;HSbooster.eu;hsbooster;2022-04-01;2024-03-31;;2000000;CSA
101058092;StR-ESFRI3;esfri;2022-04-01;2026-03-31;;2499922;CSA
101058670;PRecycling;precycling_101058670;2022-04-01;2026-03-31;textiles sustainable economy;6974419;RIA
101058240;PHRASE;hbp;2022-04-01;2025-03-31;databases physiotherapy multiple sclerosis dementia stroke;2496675;HORIZON-AG
101040823;ESTABLIS-UAS;teamx-pc22;2022-04-01;2027-03-31;aircraft remote sensing atmospheric circulation statistics and probability;1479205;HORIZON-AG
101057802;e-IRGSP7;e-irg;2022-04-01;2023-09-30;data networks;302260;CSA
101070776;SAPEA;scientific-advice-mechanism;2022-05-01;2024-12-31;didactics science and technology studies;3712326;HORIZON-AG
101046846;MAPWORMS;mapworms;2022-05-01;2026-04-30;organic chemistry sustainability sciences polymer sciences biodiversity conservation soft robotics;2896750;HORIZON-AG
101039452;WANDA;diskplanets2022;2022-05-01;2027-04-30;exoplanetology spectroscopy;1437941;ERC
101057473;EcoReFibre;innovawood-network;2022-05-01;2026-04-30;recycling biocomposites sustainable economy forestry;14819221;IA
101069987;6GStart;5g-ppp;2022-05-01;2024-07-31;;2874247;CSA
101057321;CLASSICA;classica;2022-05-01;2026-04-30;surgery computer vision oncology machine learning;5978718;RIA
101058163;CRM-geothermal;crm-geothermal;2022-05-01;2026-04-30;governance business models sustainable economy;6195641;RIA
101070193;QUCATS;qtedu_csa;2022-05-01;2025-04-30;condensed matter physics innovation management quantum physics cryptography atomic physics quantum chemistry quantum computers;6636973;CSA
101046742;MeBattery;cascat;2022-05-01;2025-04-30;electric batteries renewable energy computational science chemical engineering energy conversion;2508694;HORIZON-AG
101057014;PARC;advancednanoin;2022-05-01;2029-04-30;public health crisis management;400000000;HORIZON-AG
101047160;BioPIM;biopim;2022-05-01;2026-04-30;ebola mutation oncology personalized medicine antibiotic resistance;1966665;EIC
101046878;HYBRAIN;hybrain;2022-05-01;2026-04-30;digital electronics computational intelligence;1672528;HORIZON-AG
101065960;ArCeph;101065960arceph;2022-05-15;2024-05-14;history ecosystems climatic changes;0;HORIZON-AG-UN
101070571;UNLOCK-CEI;eucloudedgeiot;2022-06-01;2024-11-30;internet of things governance ecosystems computer security;1499750;HORIZON-AG
101057264;FAIRCORE4EOSC;faircore4eosc;2022-06-01;2025-05-31;software humanities mathematics climatic changes social sciences;9997558;RIA
101057557;eRImote;erimote;2022-06-01;2024-11-30;;1429880;CSA
101062593;BioCircus;biocircus;2022-06-01;2024-11-30;biosensors sustainable economy machine learning fermentation molecular biology;0;HORIZON-AG-UN
101079792;RESILIENCE PPP;resilience;2022-06-01;2026-05-31;governance;4313005;HORIZON-AG
101065552;DILEMMA;afmbiomed;2022-06-01;2024-05-31;proteins cell biology diabetes cardiology homeostasis;0;MSCA-PF
101058632;START;start-heproject;2022-06-01;2026-05-31;recycling renewable energy mining and mineral processing sustainable economy;9194441;IA
101058393;WorldFAIR;rda-related;2022-06-01;2024-05-31;;1883841;CSA
101056844;ALFAwetlands;alfawetlands;2022-06-01;2026-11-30;social issues ecosystems;7967118;RIA
101058505;5G-TIMBER;innovawood-network;2022-06-01;2025-05-31;5G business models productivity woodworking forestry;10105343;HORIZON-AG
101058245;IRISS;nsc;2022-06-01;2025-05-31;governance ecosystems sustainable economy;3579852;CSA
101043617;SunFlower;flowphotochem;2022-06-01;2027-05-31;organic acids lipids oilseeds sensors energy conversion;1999750;HORIZON-AG
101060806;R3PACK;r3pack;2022-06-01;2025-05-31;food safety;8562577;IA
101060395;MONUSEN;monusen;2022-06-01;2025-05-31;;1131346;HORIZON-AG
101047131;NEUROSENSE;neurosense;2022-06-01;2026-05-31;neurobiology artificial intelligence biosensors epilepsy mathematical model;3739723;EIC
101057437;BioDT;lexis;2022-06-01;2025-05-31;artificial intelligence immunology planets ecosystems microbiology;11059061;RIA
101058570;RELIANCE;reliance-project;2022-06-01;2026-05-31;proteins textiles coating and films nano-materials;4875571;HORIZON-AG
101058236;HumanTech;humantech_heurope;2022-06-01;2025-05-31;optical sensors productivity materials engineering employment robotics;9146103;RIA
101059548;OEMC;oemc-project;2022-06-01;2026-05-31;ecosystems sustainable economy;13780154;HORIZON-AG
101069748;SELFY;selfy;2022-06-01;2025-05-31;ecosystems computer security;5998899;RIA
101057344;FAIR-IMPACT;fairsfair;2022-06-01;2025-05-31;data science innovation management neutron stars civil society photons;8011446;CSA
101058565;AMBHER;ambher-project;2022-06-01;2026-05-31;catalysis chemical process engineering additive manufacturing;4915873;RIA
101056769;OPTIWISE;optiwise_project;2022-06-01;2025-05-31;geometry energy and fuels sea vessels;4660337;HORIZON-AG
101060784;EO4EU;eo4eu;2022-06-01;2025-05-31;e-commerce ecosystems virtual reality;9391537;IA
101056773;Reincarnate;reincarnate_heurope;2022-06-01;2026-05-31;artificial intelligence automation;5999560;HORIZON-AG
101059232;URBANE;urbane;2022-07-01;2026-06-30;sustainable agriculture planets business models zoonosis antibiotic resistance;5015233;RIA
101059411;GreenFORCE;greenforce;2022-07-01;2025-06-30;;1499305;CSA
101059438;BioAgora;bioagora;2022-07-01;2027-06-30;governance ecosystems simulation software;11827270;CSA
101058516;eBRAIN-Health;hbp;2022-07-01;2026-06-30;artificial intelligence genetics proteomics data protection dementia;12436807;RIA
101060790;BioValue;biovaluehorizoneurope;2022-07-01;2025-06-30;governance land-based treatment ecosystems;2636607;RIA
101070214;TRUSTEE;trusteeproject;2022-07-01;2025-12-31;ontology cryptography data processing;8706263;RIA
101070586;PHOENI2X;jcop;2022-07-01;2025-06-30;artificial intelligence automation computer security;4825000;RIA
101060429;NaturaConnect;naturaconnect;2022-07-01;2026-06-30;nongovernmental organizations ecosystems;9709202;IA
101069605;FRESH;horizonfresh;2022-07-01;2025-06-30;renewable energy electric power generation alkali metals fuel cells;2689252;RIA
101072135;S3E;s3e-heurope;2022-07-01;2024-12-31;innovation management entrepreneurship;0;HORIZON-AG-LS
101060643;ICAERUS;icaerus_he;2022-07-01;2026-06-30;software drones ecosystems agriculture forestry;5458276;RIA
101060379;SeaMark;argos;2022-07-01;2026-06-30;planets ecosystems bioeconomy climatic changes fermentation;10117989;IA
101060536;FEAST;feast;2022-07-01;2027-06-30;social inequalities nutrition;11724640;RIA
101060309;INFORMA;holisoils;2022-07-01;2026-06-30;hydrology silviculture biodiversity conservation ecosystems climatic changes;5337547;RIA
101059794;DIGITAF;euraf;2022-07-01;2026-06-30;sustainable agriculture ecosystems civil society simulation software forestry;3679061;RIA
101059547;EPOC;epoc;2022-07-01;2027-06-30;machine learning;4805246;HORIZON-AG
101069820;INPERSO;inperso_project;2022-07-01;2026-06-30;renewable energy climatic zones business models additive manufacturing sustainable building;9141455;IA
101070670;ENCRYPT;eucloudedgeiot;2022-07-01;2025-06-30;software big data computer security;4392540;RIA
101058580;RECONMATIC;reconmatic;2022-07-01;2026-06-30;waste management automation construction engineering sustainable economy;6091960;RIA
101058585;Circular TwAIn;circular_twain_project;2022-07-01;2025-06-30;;7156951;IA
101075693;CCUS ZEN;ccus_zen_heu;2022-08-01;2025-01-31;;1782627;CSA
101060382;EU-FarmBook;eureka_project_data;2022-08-01;2029-07-31;journalism sustainable agriculture forestry;15002553;RIA
101061749;STORAGE;horizon-europe-storage;2022-08-18;2025-08-17;polymer sciences pollution;0;HORIZON-AG-UN
101060361;SYMBIOREM;horizon-cl6-2021-ga101060361;2022-09-01;2026-08-31;bioremediation mining and mineral processing hydrocarbons pollution waste treatment processes;4735793;RIA
101058728;PathOS;pathos;2022-09-01;2025-08-31;big data;1999990;RIA
101058386;interTwin;intertwin;2022-09-01;2025-08-31;software particle physics radio astronomy supercomputers;11731665;RIA
101079774;SLICES-PP;edison-edsf;2022-09-01;2025-12-31;internet of things governance business models ecosystems;2999591;CSA
101060211;BIOSYSMO;biosysmo;2022-09-01;2026-08-31;bacteriology bioelectrochemistry mycology data mining pollution;4873331;RIA
101060124;Root2Res;root2res;2022-09-01;2027-08-31;climatic changes microbiology cereals legumes;6367651;HORIZON-AG
101058625;iMagine;imagine-project;2022-09-01;2025-08-31;pollution ecosystems climatic changes computational intelligence;4500000;RIA
101075665;eFORT;efort;2022-09-01;2026-08-31;renewable energy business models;9321022;IA
101070030;OpenContinuum;eucloudedgeiot;2022-09-01;2024-08-31;internet of things ecosystems;1489750;CSA
101060537;BlueRev;bluerev;2022-09-01;2025-08-31;governance nongovernmental organizations business models biomass;2222952;CSA
101059877;GES4SEAS;obama-next;2022-09-01;2026-08-31;marine biology governance ecosystems invasive species climatic changes;9024352;RIA
101057971;REPurpose;biontop;2022-09-01;2026-08-31;recycling ecology polymer sciences biomass;6493373;HORIZON-AG
101060525;NBS EduWORLD;clearinghouse-conexus-interlace-regreen;2022-09-01;2025-08-31;didactics civil society;4997583;CSA
101070052;TANGO;eucloudedgeiot;2022-09-01;2025-08-31;governance e-commerce productivity climatic changes machine learning;10444121;RIA
101070506;PATTERN;he-pattern;2022-09-01;2026-08-31;5G optoelectronics transition metals automation optics;4399395;RIA
101058427;EOSC4Cancer;dtl;2022-09-01;2025-02-28;data science computational science oncology machine learning;7814549;RIA
101057511;EURO-LABS;ssp;2022-09-01;2026-08-31;particle accelerator nuclear physics;14704166;HORIZON-AG
101079608;OPERAS-PLUS;dariahannualevent2023chdata-hrdata;2022-09-01;2025-08-31;governance humanities;3472403;CSA
101070177;ICOS;fishy;2022-09-01;2025-08-31;internet of things operating systems;10997675;RIA
101056306;IAM COMPACT;engage-climate;2022-09-01;2025-08-31;coronaviruses political sciences;4461325;RIA
101057404;ZDZW;zdzw;2022-09-01;2025-08-31;eHealth manufacturing engineering food technology renewable energy coating and films;11183587;IA
101069765;IntelLiGent;intelligent-heu;2022-09-01;2025-08-31;electric batteries sustainable economy;6823420;RIA
101069665;TRANSITION;transition;2022-09-01;2026-08-31;natural gas carbon capture engineering;2499718;RIA
101056674;MATISSE;matisse;2022-09-01;2025-08-31;electric batteries composites aircraft sensors;3469707;RIA
101069888;ALL-IN Zero;all-inzero;2022-09-01;2026-08-31;liquid fuels environmental sciences power engineering transport;2529167;RIA
101058785;FAIR-EASE;eosc_fairease;2022-09-01;2025-08-31;satellite technology environmental sciences productivity ecosystems climatic changes;4738125;RIA
101070634;NeuroSoC;neurosoc;2022-09-01;2026-02-28;computer processors;7952677;RIA
101060825;REGROUP;regroup-horizon;2022-09-01;2025-08-31;public policies governance pandemics coronaviruses;2999998;RIA
101058527;Skills4EOSC;skills4eosc;2022-09-01;2025-08-31;;6476658;CSA
101070250;XRECO;ai4media;2022-09-01;2025-08-31;automotive engineering ecosystems;10368184;IA
101057619;REPO4EU;repo4eu-heurope;2022-09-01;2029-08-31;drug discovery big data proteins deep learning;22982612;RIA
101079717;EBRAINS PREP;hbp;2022-09-01;2025-02-28;governance;3000000;CSA
101059492;BGE;ro;2022-09-01;2026-02-28;DNA ecosystems genomes;17159391;RIA
101058020;AgroServ;elixir-lu;2022-09-01;2027-08-31;plant protection sustainable agriculture ecosystems business and management;14252873;RIA
101061424;e-DIPLOMA;e-diplomaproject;2022-09-01;2025-08-31;didactics deep learning virtual reality simulation software;2998000;HORIZON-AG
101069688;CONNECT;connect-horizon-europe;2022-09-01;2025-08-31;software ecosystems;5656643;RIA
101080029;FORTESIE;fortesie_eu_project;2022-09-01;2025-08-31;business models humanities climatic changes sustainable building;9562850;HORIZON-AG
101060247;HealthFerm;healthferm;2022-09-01;2026-08-31;nutrition ecosystems sustainable economy microbiology fermentation;11303944;HORIZON-AG
101069529;SSH CENTRE;ssh-centre-energy-climate-mobility;2022-09-01;2026-02-28;sustainable economy;2305696;HORIZON-AG
101070192;CORTEX2;cortex2_heuropeproject;2022-09-01;2025-08-31;internet of things virtual reality;8787512;IA
101069359;SolDAC;soldac-eu-project;2022-09-01;2025-08-31;electrochemistry solar thermal aliphatic compounds sustainable economy;2073781;RIA
101069357;Photo2Fuel;photo2fuel;2022-09-01;2025-08-31;solar energy organic acids bacteriology aliphatic compounds;2493171;RIA
101058007;DIAMAS;craft-oa;2022-09-01;2025-08-31;linguistics ecosystems;2612401;CSA
101041131;BEAMS;argos;2022-09-01;2027-08-31;metalloids laser physics;1499878;ERC
101061575;COMPHACRISIS;comphacrisis;2022-09-01;2024-08-31;econometrics pharmaceutical drugs law enforcement coronaviruses;0;HORIZON-AG-UN
101070072;MAX-R;mdm-dtic-upf;2022-09-01;2025-02-28;virtual reality;7468158;HORIZON-AG
101059473;Data4Food2030;zero-w;2022-09-01;2026-08-31;business models;9999416;RIA
101058554;NOVA;advancednanoin;2022-09-01;2026-08-31;photocatalysis textiles coating and films carbohydrates machine learning;4699071;HORIZON-AG
101044468;ARCHI-SKIN;innovawood-network;2022-09-01;2027-08-31;bioremediation mycology coating and films biomaterials mathematical model;1999000;HORIZON-AG
101057970;AI4LIFE;euro-bioimaging;2022-09-01;2025-08-31;data science software machine learning;4141167;RIA
101058100;e-CODUCT;e-coduct;2022-09-01;2025-08-31;renewable energy alcohols catalysis;7681307;IA
101070014;OpenWebSearch.EU;owseu;2022-09-01;2025-08-31;innovation management ecosystems;8502621;HORIZON-AG
101057388;EuroScienceGateway;pangeo;2022-09-01;2025-08-31;astrophysics ecosystems data processing software applications;3531125;RIA
101056810;CircEUlar;boku;2022-09-01;2026-08-31;recycling business models sustainable economy;4495434;HORIZON-AG
101058593;AI4EOSC;ai4eosc;2022-09-01;2025-08-31;deep learning catalysis data processing;4997125;RIA
101059423;CE4Plastics;vitobelgium;2022-09-01;2024-08-31;analytical chemistry drinking water treatment processes electrophoresis;0;MSCA-PF
101070279;MobiSpaces;mobispaces;2022-09-01;2025-08-31;smart cities internet of things sensors public transport data processing;8808062;RIA
101070122;STELAR;ai-team-uoa;2022-09-01;2025-08-31;ontology big data data mining data processing;5678325;IA
101070112;SUINK;suink;2022-09-01;2026-08-31;polylactic acid textiles productivity sensors piezoelectrics;4486517;HORIZON-AG
101070093;vera.ai;apate;2022-09-15;2025-09-14;artificial intelligence journalism democracy human rights;5691875;RIA
101070008;ORSHIN;orshin-horizon-europe;2022-10-01;2025-09-30;internet of things software semiconductivity;3814500;HORIZON-AG
101058589;AI-PRISM;ai-prism_heurope;2022-10-01;2025-09-30;food technology ecosystems humanities robotics social sciences;10827138;IA
101079342;FrontSeat;frontseat;2022-10-01;2025-09-30;;1356937;HORIZON-AG
101070038;TRUMPET;trumpet_project;2022-10-01;2025-09-30;data protection oncology;3947723;HORIZON-AG
101086922;MCAA-new-horizon;mcaa;2022-10-01;2024-09-30;;2387500;HORIZON-AG
101057294;AIDEAS;aideas;2022-10-01;2025-09-30;employment;6610338;IA
101073821;SUNRISE;fishy;2022-10-01;2025-09-30;access control pandemics coronaviruses climatic changes machine learning;11643258;IA
101074075;MEDiate;turnkey-h2020-project;2022-10-01;2025-09-30;crisis management natural disasters climatic changes;3549970;HORIZON-AG
101058518;Geo-INQUIRE;rise-h2020;2022-10-01;2026-09-30;big data;13923475;RIA
101079148;E-RIHS IP;871034;2022-10-01;2024-09-30;arts history and archaeology anthropology political sciences;1698316;CSA
101069547;PoDIUM;podium_project;2022-10-01;2025-09-30;5G software automation;12226664;IA
101075656;ELEXIA;elexia-eu-project;2022-10-01;2026-09-30;control systems electric power distribution signal processing urban engineering energy conversion;11001822;HORIZON-AG
101079778;DANUBIUS IP;elixir-converge;2022-10-01;2025-09-30;governance climatic changes;1302656;CSA
101059823;B-USEFUL;ecotip-arctic;2022-10-01;2026-09-30;fisheries governance ecosystems sustainable economy;4609981;RIA
101058479;RAISE;argos;2022-10-01;2026-01-31;productivity data processing;4836125;RIA
101073954;PARATUS;paratus;2022-10-01;2026-09-30;nongovernmental organizations remote sensing crisis management forensic sciences climatic changes;4701636;RIA
101071330;InCITIES;incities;2022-10-01;2025-09-30;;1964601;HORIZON-AG
101061441;MuseIT;dariahannualevent2023chdata-hrdata;2022-10-01;2025-09-30;;3543745;RIA
101070305;ENEXA;polifonia;2022-10-01;2025-09-30;software knowledge engineering machine learning;3991269;HORIZON-AG
101061550;LEGITIMULT;legitimult;2022-10-01;2025-09-30;pandemics democracy coronaviruses crisis management law;2994887;HORIZON-AG
101070430;EVENFLOW;evenflowproject;2022-10-01;2025-09-30;personalized medicine deep learning;3431000;RIA
101057764;BlueAdapt;blueadapt-lcat;2022-10-01;2026-09-30;public health climatic changes;6678353;RIA
101040381;PGTI;pgti;2022-10-01;2027-09-30;radiology;1498969;HORIZON-AG
101070284;enRichMyData;enrichmydata;2022-10-01;2025-09-30;ontology innovation management natural language processing non-relational databases semantic web;5887140;IA
101054421;DCS;dcs;2022-10-01;2027-09-30;macroeconomics;1447893;HORIZON-AG
101061195;BC-Int;101061195-msca2021-bcint;2022-10-01;2024-09-30;energy and fuels simulation software;0;HORIZON-AG-UN
101065298;SHERPA;sherpa-horizon-2020;2022-10-03;2024-10-02;photovoltaic;0;HORIZON-AG-UN
101083936;JustWind4All;enbios_system;2022-11-01;2025-10-31;governance wind power;2786908;RIA
101079772;EMPHASIS-GO;elixir-converge;2022-11-01;2025-10-31;nutrition ecosystems bioeconomy plant breeding climatic changes;1317750;CSA
101060501;GenB;genb;2022-11-01;2025-04-30;;1999762;HORIZON-AG
101083922;OceanICU;ecotip-arctic;2022-11-01;2027-10-31;fisheries climatic changes;13102052;RIA
101081555;Impetus4Change;eerie-project;2022-11-01;2026-10-31;climatic changes;9573842;RIA
101061700;DWARC;chinahorizons;2022-11-01;2025-10-31;foreign policy;3998228;HORIZON-AG
101090738;NATI00NS;nati00ns;2022-11-01;2024-10-31;;2999084;CSA
101060452;OCEAN ICE;oceanice;2022-11-01;2026-10-31;planets climatic changes glaciology;4886890;RIA
101096077;SIRENE;shafe;2022-11-01;2024-10-31;entrepreneurship;0;CSA
101073921;VIGILANT;veraai;2022-11-01;2025-10-31;terrorism computer and information sciences humanities;3725130;HORIZON-AG
101083780;NET-Fuels;net_fuels_horizon_europe_project;2022-11-01;2026-10-31;bioreactors aliphatic compounds energy and fuels biofuels biomass;4501739;RIA
101082212;PLANET4B;planet4b;2022-11-01;2025-10-31;ethnology biosphera ecosystems religions;2954307;RIA
101059523;REACT;react-insect;2022-11-01;2026-10-31;fruit growing food safety vegetable growing ecosystems entomology;6653075;RIA
101076868;AWARE2ALL;aware2all;2022-11-01;2025-10-31;;7999817;RIA
101081788;EUFORE;innovawood-network;2022-11-01;2026-10-31;governance forestry;3996391;RIA
101084204;Cure4Aqua;cure4aqua;2022-11-01;2027-04-30;fisheries vaccines antibiotics animal husbandry antibiotic resistance;4830623;RIA
101081847;trans4num;trans4numproject;2022-12-01;2026-11-30;sustainable agriculture pollution sustainable economy;5034396;HORIZON-AG
101092612;SUN;sun-xr-project;2022-12-01;2025-11-30;physiotherapy computer vision sensors virtual reality;7482542;RIA
101082410;IIMEO;iimeo;2022-12-01;2025-11-30;software public services optical sensors;3328935;HORIZON-AG
101057655;AISN;hbp;2022-12-01;2026-11-30;artificial intelligence physiotherapy stroke;5341895;RIA
101081642;OBAMA-NEXT;obama-next;2022-12-01;2026-11-30;artificial intelligence remote sensing ecosystems civil society;8612070;RIA
101092021;AUTO-TWIN;autotwin-eu;2022-12-01;2025-11-30;ecosystems sustainable economy;5999986;RIA
101091895;MASTERMINE;mastermine_project;2022-12-01;2026-11-30;transition metals coal mining and mineral processing air pollution engineering business intelligence;13840490;IA
101095542;CYLCOMED;fishy;2022-12-01;2025-11-30;5G software cryptography coronaviruses ecosystems;3489625;RIA
101081179;DIAMOND;argos;2022-12-01;2026-11-30;crisis management climatology employment sustainable economy physical sciences;3850922;RIA
101092582;DECICE;decice-project;2022-12-01;2025-11-30;smart cities automation ecosystems;5627250;RIA
101095530;SYNTHEMA;synthema-heurope;2022-12-01;2026-11-30;leukemia;6514560;RIA
101095871;TrialsNet;h2020daemon;2023-01-01;2025-12-31;eHealth 5G internet ecosystems;16789132;IA
101091409;D-STANDART;d-standart;2023-01-01;2025-12-31;artificial intelligence composites wind power;3794991;RIA
101081383;EERIE;eerie-project;2023-01-01;2026-12-31;dynamical systems statistics and probability oceanography machine learning simulation software;7799253;RIA
101078960;TWISMA;ensemble3;2023-01-01;2025-12-31;;1499545;CSA
101091959;TRIDENT;trident;2023-01-01;2027-12-31;sensors;11845429;RIA
101095295;OpenMusE;music_observatory;2023-01-01;2025-12-31;software development business models ecosystems;2973812;RIA
101095890;PREDICT-6G;predict-6g;2023-01-01;2025-06-30;5G radio technology;6082687;RIA
101094416;PATTERN;pattern;2023-01-01;2026-06-30;;3499742;CSA
101092901;POTENTIAL;potential;2023-01-01;2026-12-31;revolutions nano-materials;2999787;RIA
101096466;DESIRE6G;desire6g;2023-01-01;2025-12-31;5G internet of things software;6227918;RIA
101093822;SeaClear2.0;seaclear2;2023-01-01;2026-12-31;artificial intelligence recycling pollution robotics;9086305;IA
101101479;SUSTAINCELL;101101479;2023-01-01;2028-12-31;mining and mineral processing productivity fuel cells;9993652;RIA
101096490;RESCHOOL;reschool;2023-01-01;2026-06-30;renewable energy business models;6118596;IA
101093069;INCODE;eucloudedgeiot;2023-01-01;2025-12-31;5G;7153035;RIA
101101961;HECATE;hecate;2023-01-01;2025-12-31;electromagnetism electric power distribution aircraft energy and fuels sustainable economy;45159602;IA
101091715;FIREFLY;firefly;2023-01-01;2026-12-31;recycling fossil energy catalysis biomass;11078742;RIA
101094406;RDA TIGER;rda-tiger;2023-01-01;2025-12-31;;3000000;CSA
101093054;ESiWACE3;esiwace;2023-01-01;2026-12-31;supercomputers simulation software;6081337;RIA
101101504;PROTOSTACK;101101504;2023-01-01;2025-12-31;electrochemistry ceramics hydrogen energy;2497013;RIA
101044282;ProduSemy;produsemy;2023-01-01;2027-12-31;general language studies linguistics comparative morphology history productivity;2000000;ERC
101091374;MultiMiner;multiminer;2023-01-01;2026-06-30;satellite technology mining and mineral processing remote sensing machine learning geology;4443096;HORIZON-AG
101084222;WASTELESS;wasteless;2023-01-01;2025-12-31;;5458232;HORIZON-AG
101070599;SecOPERA;respect-101007673;2023-01-01;2025-12-31;internet of things software;4581135;RIA
101086421;CitiObs;cslab_unileiden;2023-01-01;2026-12-31;governance air pollution engineering sensors civil society sustainable economy;5272950;IA
101096120;SEASON;horizon_sns_season;2023-01-01;2025-12-31;control systems signal processing machine learning sustainable transport fiber-optic network;6393648;RIA
101086218;EVOLVE;evolve;2023-01-01;2026-12-31;5G electric vehicles big data system software machine learning;0;HORIZON-AG-UN
101059988;MPA Europe;mpaeurope;2023-01-01;2026-04-30;software nongovernmental organizations ecosystems climatic changes;2682228;RIA
101092993;RISER;riser;2023-01-01;2025-12-31;operating systems;5316125;RIA
101092944;EXA4MIND;exa4mind-heurope;2023-01-01;2025-12-31;viticulture databases big data supercomputers;4911425;RIA
101093290;BioExcel-3;bioexcel;2023-01-01;2026-12-31;drug discovery governance coronaviruses employment sustainable economy;5873803;RIA
101086179;AI4SoilHealth;oemc-project;2023-01-01;2026-12-31;artificial intelligence mobile phones;9960358;RIA
101079203;REMODEL;remodel_under_grant_agreement_no_10107920;2023-01-01;2025-12-31;;1499827;HORIZON-AG
101079113;CutCancer;cutcancer;2023-01-01;2025-12-31;;1197550;CSA
101081273;NECCTON;neccton-project;2023-01-01;2026-12-31;marine biology biodiversity conservation ecosystems climatic changes machine learning;8527590;RIA
101079455;NET4Air;he-net4air-community;2023-01-01;2025-12-31;;1423825;HORIZON-AG
101086247;PsyCoMed;psycomed-ethics-uji;2023-01-01;2026-12-31;public health psychiatry pollution pathology;0;HORIZON-AG-UN
101093202;Graph-Massivizer;enrichmydata;2023-01-01;2025-12-31;software automotive engineering supercomputers data processing;4998062;RIA
101092696;CODECO;he-codeco;2023-01-01;2025-12-31;smart cities software governance;6060537;RIA
101096110;PRIVATEER;horizon-ju-sns-privateer;2023-01-01;2025-12-31;5G;5056312;RIA
101086105;FOODITY;foodity_eu;2023-01-01;2025-12-31;software data protection nutrition ecosystems;3999937;RIA
101097083;BeGREEN;h2020daemon;2023-01-01;2025-06-30;artificial intelligence 5G radio technology;2793258;RIA
101091933;StandICT.eu 2026;reincarnate_heurope;2023-01-01;2025-12-31;;4500000;CSA
101094270;PALOMERA;craft-oa;2023-01-01;2024-12-31;;1859812;CSA
101094397;CRAFT-OA;craft-oa;2023-01-01;2025-12-31;software;4777337;RIA
101092850;AERO;eucloudedgeiot;2023-01-01;2025-12-31;operating systems device drivers software development computational science computer security;4079250;RIA
101095129;GraspOS;scilake_project;2023-01-01;2025-12-31;software ecosystems;2985441;RIA
101086251;NewFunFiCO;inspire;2023-01-01;2026-12-31;gravitational waves neutron stars black holes dark matter deep learning;0;HORIZON-AG-UN
101069510;EDDIE;eddie;2023-01-01;2025-12-31;renewable energy social issues sensors;8708368;IA
101093079;MASTER;master_xr;2023-01-01;2026-06-30;manufacturing engineering innovation management robotics virtual reality active learning;8335379;IA
101096302;6GTandem;6gtandem-he;2023-01-01;2026-06-30;;5259461;RIA
101094227;Blue-Cloud 2026;d4science;2023-01-01;2026-06-30;marine biology ecology computer and information sciences oceanography;8845420;RIA
101091780;DaCapo;dacapo_project;2023-01-01;2026-06-30;business models aeronautical engineering sustainable economy;5994489;RIA
101058573;SciLake;scilake_project;2023-01-01;2025-12-31;neurobiology artificial intelligence data science knowledge engineering oncology;4809450;RIA
101083944;CIRCULAIR;he-circulair;2023-01-01;2026-12-31;liquid fuels sustainable agriculture hydrocarbons thermochemistry biofuels;4999915;RIA
101094817;TIER2;argos;2023-01-01;2025-12-31;pandemics coronaviruses computer and information sciences;1791500;HORIZON-AG
101093110;EXTRACT;extract-eu-project;2023-01-01;2025-12-31;smart cities 5G software data mining sensors;4997875;RIA
101059942;CREDIT Vibes;biosense_institute;2023-01-01;2025-12-31;;1456250;CSA
101096083;EM-TECH;em-tech;2023-01-01;2025-12-31;;3834550;RIA
101073507;flIMAGIN3D;brunel_uni;2023-01-01;2026-12-31;software biological sciences microscopy sensors machine learning;0;HORIZON-AG-UN
101081835;T-FORS;t-fors;2023-01-01;2024-12-31;databases big data plasma physics;999750;RIA
101086386;EO-PERSIST;eo-persist;2023-01-01;2026-12-31;remote sensing sensors ecosystems climatic changes;0;HORIZON-AG-UN
101071533;CASTLE;fatmols-fet-open-862893;2023-01-01;2028-12-31;spintronics quantum computers;8976957;ERC-SYG
101091859;MODUL4R;modul4r-project;2023-01-01;2026-06-30;automation automotive engineering;5999941;RIA
101092989;DATAMITE;datamite_eu;2023-01-01;2025-12-31;software agriculture catalysis data exchange;12236015;IA
101072454;MWGaiaDN;bars2023;2023-02-01;2027-01-31;big data revolutions observational astronomy commerce;0;HORIZON-AG-UN
101041077;MindTheGap;mindthegap;2023-02-01;2028-01-31;sedimentology history inorganic compounds ecosystems;1497169;ERC
101096563;INTEGER;shafe;2023-02-01;2025-01-31;;0;CSA
101094349;Craeft;craeft-h2020;2023-03-01;2026-02-28;anthropology telecommunications art history computational intelligence;3112106;RIA
